S NO,PG NAME,PAYMENT TYPE,PAYMEN MODE,CONTACT,LOCATION,OPERATOR NAME,BEDS ,SPOC,RATE PER BED (RS),DISCOUNTS,PLAN,MONTHS,AMOUNT,18% GST,TOTAL,PAYMENT MONTH,PAYMENT DATE ,PLAN START MONT,MRR MONTH,NEXT PAY MONTH,RENEWAL MONTH,MONTH WISE,Q WISE,INVOICE,INCENTIVES,REMARKS,MRR,MRR AMOUNT,CRIB CODE
1,(M)  NATIONAL MEN's HOSTEL,FIRST PAY,FULL PAYMENT,9789008563,EKAATTUTHANGAL,RAJESH,306,PARTHA,₹19.00,34.48%,SILVER,1,5814,1047,6850,Oct 2023,8-Oct-2023,1-Oct-2023,Oct 23,30 November 2023,November 2023,"₹12,868","₹98,333",PDF,581,,5814,7514,
2,(M) SAI ANBALAYAAS MEN'S HOSTEL,FIRST PAY,FULL PAYMENT,6383777615,VANDALUR,ANBALAGAN,170,PARTHA,₹10.00,47.37%,BRONZE,3,5100,918,6018,Oct 2023,31-Oct-2023,1-Oct-2023,Oct 23,31 January 2024,January 2024,,,PDF,510,,1700,,
3,(M) ISHA LIVING PG,FIRST PAY,FULL PAYMENT,8838388245,PORUR,MADHU SUDHANAN,34,PARTHA,₹23.20,20.00%,SILVER,3,2366,426,2792,Nov 2023,30-Nov-2023,1-Dec-2023,Dec 23,29 February 2024,February 2024,"₹22,345",,PDF,237,,789,6312,
4,(M)  NATIONAL MEN's HOSTEL  ,RENEWAL PAY,FULL PAYMENT,9789008563,EKAATTUTHANGAL,RAJESH,306,PARTHA,₹18.05,37.76%,SILVER,3,16570,2983,19552,Nov 2023,30-Nov-2023,1-Dec-2023,Dec 23,29 February 2024,February 2024,,,PDF,828,,5523,,
5,(M) JR MENS Hostel,FIRST PAY,FULL PAYMENT,8925415772,Anna Nagar,RADHAKRISHANAN,116,PARTHA,₹15.00,48.28%,SILVER,3,5220,940,6160,Dec 2023,1-Dec-2023,1-Dec-2023,Dec 23,29 February 2024,February 2024,"₹63,120",,PDF,522,,1740,9425,
6,(M) PRAISE PG FOR MENS,FIRST PAY,FULL PAYMENT,6383602525,PORUR,MANOHAR ANTONY,40,PARTHA,₹29.00,0.00%,SILVER,1,1160,209,1368,Dec 2023,1-Dec-2023,1-Dec-2023,Dec 23,1 January 2024,January 2024,,,PDF,116,,1160,,
7,(M) Aspirant Hostels,FIRST PAY,FULL PAYMENT,9600079086,ANNA NAGAR,KARTHIKEYAN,46,PARTHA,₹19.00,34.48%,SILVER,3,2622,472,3093,Dec 2023,8-Dec-2023,8-Dec-2023,Dec 23,8 March 2024,March 2024,,,PDF,262,,874,,
8,"(M) ""WE ARE"" LADIES HOMESTEL",FIRST PAY,FULL PAYMENT,8754694089,AMINJAKARAI,SUBBU,53,PARTHA,₹40.00,18.37%,GOLD,1,2120,382,2500,Dec 2023,20-Dec-2023,1-Jan-2024,Jan 24,1 February 2024,February 2024,,,PDF,212,,2120,,
9,(M) GREEN HOME LADIES HOSTEL,FIRST PAY,FULL PAYMENT,9994345752,THORAIPAKKAM,KARTHICK G,319,PARTHA,₹11.07,61.83%,SILVER,12,42373,7627,50000,Dec 2023,22-Dec-2023,1-Jan-2024,Jan 24,31 December 2024,December 2024,,,PDF,4237,,3531,,
10,(M) Ravikumar Shanmugam ,FIRST PAY,FULL PAYMENT,9944415541,COIMBATORE,RAVIKUMAR,3,PARTHA,₹29.00,0.00%,SILVER,3,261,47,308,Jan 2024,2-Jan-2024,1-Jan-2024,Jan 24,1 April 2024,April 2024,"₹79,005","₹134,661",PDF,26,Not paid they April month ,87,7213,
11,(M) PRAISE PG FOR MENS  ,RENEWAL PAY,FULL PAYMENT,6383602525,PORUR,MANOHAR ANTONY,40,PARTHA,₹29.00,0.00%,SILVER,1,1160,209,1368,Jan 2024,4-Jan-2024,5-Jan-2024,,5 February 2024,February 2024,,,PDF,58,,1160,,
12,(M) KAVITHA'S LADIES HOSTEL,FIRST PAY,FULL PAYMENT,9841002122,VELACHERY,GANDHI,446,PARTHA,₹9.00,52.63%,BRONZE,12,48168,8670,56837,Jan 2024,20-Jan-2024,19-Jan-2024,Jan 24,19 January 2025,January 2025,,,PDF,4817,,4014,,
13,(M) SRINIVASAN OWNER RENTAL HOUSE,FIRST PAY,FULL PAYMENT,9176477037,MEDAVAKKAM,GOKUL,19,PARTHA,₹29.00,0.00%,SILVER,1,551,99,649,Jan 2024,27-Jan-2024,1-Feb-2024,Feb 24,1 March 2024,March 2024,,,PDF,55,,551,,
14,(M) SR PG BOARDING,FIRST PAY,FULL PAYMENT,9600108444,KANCHIPURAM,SUMATHI REDDY,52,PARTHA,₹26.95,45.00%,GOLD,12,16817,3027,19843,Jan 2024,31-Jan-2024,1-Feb-2024,Feb 24,1 February 2025,February 2025,,,PDF,1682,,1401,,
15,(M) SAI ANBALAYAAS MEN'S HOSTEL,RENEWAL PAY,FULL PAYMENT,6383777615,VANDALUR,ANBALAGAN,170,PARTHA,₹10.00,47.37%,BRONZE,3,5100,918,6018,Feb 2024,3-Feb-2024,1-Feb-2024,,1 May 2024,May 2024,"₹26,169",,PDF,255,,1700,3550,
16,"(M) ""WE ARE"" LADIES HOMESTEL",RENEWAL PAY,FULL PAYMENT,8754694089,AMINJAKARAI,SUBBU,53,PARTHA,₹24.50,50.00%,GOLD,12,15582,2805,18200,Feb 2024,12-Feb-2024,1-Feb-2024,,1 February 2025,February 2025,,,PDF,779,,1299,,
17,(M) SRINIVASAN OWNER RENTAL HOUSE,RENEWAL PAY,FULL PAYMENT,9176477037,MEDAVAKKAM,GOKUL,19,PARTHA,₹29.00,0.00%,SILVER,3,1653,298,1951,Feb 2024,25-Feb-2024,1-Mar-2024,,1 June 2024,June 2024,,,PDF,83,,551,,
18,(M) ISHA LIVING PG,RENEWAL PAY,FULL PAYMENT,8838388245,PORUR,MADHU SUDHANAN,34,PARTHA,₹20.00,31.03%,SILVER,3,2040,367,2407,Mar 2024,1-Mar-2024,1-Mar-2024,,31 May 2024,May 2024,"₹29,487",,PDF,102,2407 Need to pay APRIL 04 2024 he need 6M plan,680,9103,
19,(M)  NATIONAL MEN's HOSTEL  ,RENEWAL PAY,FULL PAYMENT,9789008563,EKAATTUTHANGAL,RAJESH,306,PARTHA,₹18.05,37.76%,SILVER,3,16570,2983,19552,Mar 2024,4-Mar-2024,1-Mar-2024,,1 June 2024,June 2024,,,PDF,828,,5523,,
20,(M) JR MENS Hostel,RENEWAL PAY,FULL PAYMENT,8925415772,Anna Nagar,RADHAKRISHANAN,116,PARTHA,₹15.00,48.28%,SILVER,3,5220,940,6160,Mar 2024,5-Mar-2024,1-Mar-2024,,1 June 2024,June 2024,,,PDF,261,,1740,,
21,(M) PRAISE PG FOR MENS,RENEWAL PAY,FULL PAYMENT,6383602525,PORUR,MANOHAR ANTONY,40,PARTHA,₹29.00,0.00%,SILVER,1,1160,209,1368,Mar 2024,11-Mar-2024,1-Feb-2024,,1 March 2024,March 2024,,,PDF,58,not paid 1 month  due ,1160,,
22,(M) SRI SELVA GANPATHY MENS HOSTEL,FIRST PAY,FULL PAYMENT,9884888341, SHOLINGNALUR ,UMAPATHI ,100,SANTHOSH,₹37.30,23.88%,GOLD,1,3730,671,4317,April 2024,8-Apr-2024,8-Apr-2024,Apr 24,1 May 2024,May 2024,"₹14,189","₹98,813",PDF,373,,3730,7936,
23,(M) GRM LADIES HOSTEL ,FIRST PAY,FULL PAYMENT,9500082131,T.NAGAR,GANESH,83,SANTHOSH,₹18.85,35.00%,SILVER,3,4694,845,5455,April 2024,10-Apr-2024,10-Apr-2024,Apr 24,1 July 2024,July 2024,,,PDF,469,Paid Without GST = 4693  and Paid GST = 844  | 5537 RS,1565,,
24,(M) SRINIVASAN OWNER RENTAL HOUSE,RENEWAL PAY,FULL PAYMENT,9176477037,MEDAVAKKAM,GOKUL,19,PARTHA,₹29.00,0.00%,SILVER,3,1653,298,1951,April 2024,23-Apr-2024,1-Jun-2024,,1 September 2024,September 2024,,,PDF,83,Invoice need to share on JUNE 01 2024 - DONE,551,,
25,(M) SRI KALA GENT'S PG,FIRST PAY,FULL PAYMENT,9445254892,THARAMANI,RAJESH,110,SANJAY,₹19.00,34.48%,SILVER,1,2090,376,2466,April 2024,29-Apr-2024,1-May-2024,May 24,1 June 2024,June 2024,,,PDF,209,29 RS Plan without online transcation | JUEN payment not paid,2090,,
26,VELS MENS HOSTEL,FIRST PAY,FULL PAYMENT,9962966533,PORUR,THANIGAIVEL NAGARAJAN,80,SANTHOSH,₹18.85,35.00%,SILVER,3,4524,814,5338,May 2024,7-May-2024,1-May-2024,May 24,1 August 2024,August 2024,"₹38,763",,PDF,452,,1508,9510,
27,(M) SAI ANBALAYAAS MEN'S HOSTEL,RENEWAL PAY,FULL PAYMENT,6383777615,VANDALUR,ANBALAGAN,170,PARTHA,₹10.00,47.37%,BRONZE,3,5100,918,6018,May 2024,8-May-2024,1-May-2024,,1 August 2024,August 2024,,,PDF,255,,1700,,
28,(M) ISHA LIVING PG,RENEWAL PAY,FULL PAYMENT,8838388245,PORUR,MADHU SUDHANAN,34,PARTHA,₹20.00,31.03%,SILVER,3,2040,367,2407,May 2024,8-May-2024,1-Jun-2024,,1 September 2024,September 2024,,,PDF,102,2407 Need to pay APRIL 04 2024 he needs 6M plan = PAID,680,,
29,(M)  QUEEN PARADISE LADIES HOSTEL ,FIRST PAY,FULL PAYMENT,7338940453,MEDAVAKKAM,R POORNIMA LATHA,233,SANTHOSH,₹15.16,47.72%,SILVER,6,21194,3815,25000,May 2024,11-May-2024,1-May-2024,May 24,1 November 2024,November 2024,,,PDF,2119,"12,500 Rs Paid + 12,500 RS need to pay before JUNE 01 2024 | Paid 12.5K on 25th JUNE 2024",3532,,
30,(M) DVR MENS HOSTEL,FIRST PAY,FULL PAYMENT,7871064647, ANNA NAGAR,SIRANJEEVI,88,SANTHOSH,₹21.75,25.00%,SILVER,3,5220,940,6160,June 2024,5-Jun-2024,1-Jun-2024,Jun 24,1 September 2024,September 2024,"₹45,862",,PDF,522,,1740,12993,
